state,crime_type,2000,2001,2002,2003,2004,2005,2006,2007,2008,2009,2010,2011,2012,2013,2014,2015,2016,2017,2018,2019,2020
Rajasthan,Assault,1632,3215,1956,4636,4478,2229,3866,4512,3442,1643,2559,2045,741,1058,3381,4770,3775,3791,3260,2955,3729
Odisha,Murder,944,3272,1461,1246,2803,3637,4150,3061,258,1265,989,4392,1232,4295,3197,3477,2698,1983,1725,3009,2319
Mizoram,Assault,4434,892,1839,3562,1494,2778,658,2856,1518,1783,302,1216,3746,3102,1282,1527,3014,1459,3676,3169,4019
Assam,Murder,561,377,2965,2051,4702,4445,1874,1152,1434,351,2496,3260,3690,2611,890,1805,921,3067,706,2607,1161
Madhya Pradesh,Murder,3578,869,223,379,4786,4224,1068,4358,2507,2529,4223,1505,774,4752,4665,4052,1067,3605,4911,1534,4446
Dadra and Nagar Haveli and Daman and Diu,Theft,935,581,1159,4562,3358,3168,4574,3952,585,1760,720,3392,4808,2316,467,4959,862,1492,4937,2398,3577
Andhra Pradesh,Theft,3051,2379,4150,4770,4298,2056,1664,1554,4376,2368,2288,2241,2226,2701,2096,477,4867,793,325,189,2184
Mizoram,Assault,4648,4061,1513,1420,740,769,2767,3243,225,875,1333,2150,2801,4360,2462,2973,4365,4499,2926,2067,784
Madhya Pradesh,Fraud,4538,4034,3561,480,1367,480,1036,977,3953,2665,2059,3160,442,3404,3139,4777,3627,754,3324,570,2547
Delhi,Robbery,3171,1600,2231,209,4171,4984,1023,3631,777,4186,1382,3338,1440,4365,4960,3749,1443,637,3409,3551,2989
Manipur,Murder,4755,253,1987,2206,2415,2162,3625,1373,2646,4297,1550,1195,3706,714,4608,4181,4337,2795,210,1634,112
Chandigarh,Theft,152,4818,777,1742,1202,1152,4240,1452,3689,448,1824,2845,2288,4659,2880,2082,2049,2726,2909,1710,4490
Bihar,Fraud,2192,931,2333,1892,678,1918,3438,2711,3549,4544,2018,4482,648,1820,4345,2442,1738,2764,333,2728,2634
Delhi,Fraud,3496,1729,3642,4900,2944,2127,4416,397,3628,876,4742,1465,1969,491,1944,787,3938,4549,1740,2200,3022
Andhra Pradesh,Robbery,3945,3586,454,1100,3480,2901,4010,3619,368,1291,1552,586,4900,3757,111,301,3689,3612,4646,146,2453
Madhya Pradesh,Theft,4946,2043,2261,4304,3441,3895,1110,2763,537,2308,905,4161,1960,2571,4188,4741,1353,1313,4764,512,3522
Telangana,Robbery,4673,1304,1910,304,3611,4634,350,1971,4126,1455,4979,2133,1175,4628,2463,4631,4613,3772,4338,1334,4385
Karnataka,Assault,3335,4187,2726,1300,3570,290,277,4358,3744,784,1747,3202,1699,1483,3430,2741,2371,4077,4113,4252,1812
Meghalaya,Murder,3728,940,4727,4411,587,2121,531,4953,1941,3125,2242,2938,950,1571,1561,1119,2061,1687,4868,3925,334
Punjab,Fraud,3523,577,1809,951,1737,3067,3889,1106,3809,3029,1935,2995,2133,2842,2945,264,4665,2982,458,718,4486
Haryana,Robbery,192,2810,645,4543,305,1242,2496,3741,4758,1743,1548,2259,4131,1456,2554,3957,4355,4174,1698,2539,322
Tamil Nadu,Robbery,2293,4869,3279,2769,2411,4408,1041,1624,1576,1369,3712,3072,4027,713,3364,3684,4133,1540,2037,139,2731
Telangana,Robbery,3727,2216,1428,4362,2500,4673,3307,578,1065,1650,3196,3313,3535,2508,3306,3707,2199,2629,2450,1188,2440
Telangana,Fraud,1574,2270,3443,942,4092,1492,752,1951,4234,1920,1491,2701,791,1240,1810,1987,3681,2901,2103,1307,1330
Chandigarh,Robbery,3181,1261,1345,2087,3114,3535,2923,936,3360,1830,4550,1581,1753,4413,3258,767,4668,536,2094,1447,1588
Karnataka,Fraud,2282,2359,3854,2494,1045,1415,2228,3317,4542,4604,3128,3525,2048,3351,2521,520,1489,2590,1208,2843,739
Bihar,Murder,4731,2685,4452,1258,4715,511,2675,1527,2470,4472,4035,3292,2580,753,4519,885,893,4644,2034,1039,1778
Goa,Theft,1868,2980,956,367,2704,3031,1954,467,3303,670,2130,4627,4690,2921,4222,4128,1743,1751,1855,3177,3393
Punjab,Fraud,2223,2921,4421,1102,2181,4643,820,1137,1944,1704,1834,3663,2485,838,3337,907,4221,4093,3943,4651,302
Rajasthan,Assault,1937,4289,681,957,1068,2969,2465,4235,2091,656,306,4969,810,4684,1838,4407,4008,3116,1825,4777,4635
Kerala,Robbery,3084,144,918,3988,3119,3195,4264,492,398,4799,1144,657,4611,2054,1698,2639,3752,4492,2394,1328,3255
Goa,Assault,2543,960,861,1828,1734,4833,4179,4162,3624,3559,2785,4375,894,2033,4691,2724,3858,3435,212,1243,502
Andhra Pradesh,Robbery,1628,1210,476,1967,1195,1149,2807,3695,226,4425,2175,2898,2633,3624,1356,2450,2070,3109,1702,4404,4878
Dadra and Nagar Haveli and Daman and Diu,Theft,1959,4105,1889,1679,2816,870,2661,1743,2702,3545,4090,1008,289,3554,4153,141,2254,3368,1589,751,1701
Jharkhand,Murder,4473,3312,3526,4852,2546,2700,873,1483,629,2463,3155,3670,3711,821,4212,3249,3523,4473,460,2671,4034
Andhra Pradesh,Fraud,2371,4201,3439,2386,1411,1012,3328,879,799,2056,4206,1279,3621,2082,1234,3636,4194,3204,3762,3027,193
Uttarakhand,Theft,4094,2295,2517,3680,1827,1513,1724,2690,890,545,2760,2157,1428,1888,1118,2340,2848,289,2753,3642,3306
Tripura,Assault,2345,288,1825,3604,2963,2360,3908,3808,3261,1066,3566,3881,3593,1645,4374,3926,3160,3670,1065,3662,2939
Dadra and Nagar Haveli and Daman and Diu,Robbery,3940,3245,2612,3454,147,3277,4668,4466,3258,3987,4855,4530,4529,3155,2076,3697,4235,1784,4539,3244,2838
Goa,Robbery,1419,919,4773,1001,4064,2950,2356,1947,3841,3403,3967,407,3678,1485,1992,3754,745,2569,2013,2409,1810
Assam,Assault,2824,2360,2767,1399,1903,3097,3786,481,3973,760,1030,3204,614,1468,2694,2808,809,2088,3380,3265,715
Andhra Pradesh,Assault,214,2082,4260,193,1957,508,1875,4608,902,1039,3085,1850,360,4804,2874,3526,1686,264,2687,2976,1312
Manipur,Assault,2740,4682,4747,398,129,303,3914,3398,454,2892,259,2745,2233,856,1635,2989,1598,203,975,3654,4768
Himachal Pradesh,Murder,2033,3696,276,3310,4224,4338,4972,1860,1197,2172,3931,1042,3975,4922,2979,152,4117,1109,4351,3158,212
Jharkhand,Assault,1559,1843,1148,4312,2330,1728,2229,1232,3414,4117,2342,4320,218,1274,2176,890,1334,2426,2017,387,1122
Puducherry,Assault,701,378,1370,3319,3334,4336,4442,162,3408,259,3546,2356,4569,189,2563,459,4561,569,4079,4013,3537
Puducherry,Robbery,4775,4871,2882,1940,669,656,2174,818,1567,3530,3748,3366,2746,2992,3408,3098,1116,3754,2984,4798,1756
Meghalaya,Theft,4311,3530,1196,212,3997,3256,749,1524,2688,2024,337,917,2341,4915,1276,882,4210,1519,1087,4721,4967
Maharashtra,Assault,4501,206,3583,1814,4308,2722,1488,4635,821,3130,1228,2591,4228,1048,1344,1723,3252,693,3547,1238,3440
Sikkim,Theft,2461,1152,2517,2962,1032,1687,1321,2759,1547,2002,1816,280,3768,1515,3797,201,739,4907,1752,3936,4707
Tamil Nadu,Fraud,3649,4267,1130,4369,2363,3447,2380,1747,4413,4007,4927,1420,121,3145,1338,3547,3826,3956,4200,2560,150
Tamil Nadu,Murder,2518,2926,3095,4520,2583,3911,2552,570,1833,901,3706,2488,3551,2238,4655,3464,2428,2863,385,3150,891
Mizoram,Robbery,530,4116,2623,2917,3312,3611,373,3866,4153,765,2766,3812,4378,862,1457,3593,979,2059,2245,4703,2461
Mizoram,Assault,4332,1127,1959,2266,1503,707,3733,1456,2613,3317,647,2657,2111,364,189,4137,1066,4663,3499,1291,3162
Nagaland,Assault,1990,3534,3400,3617,2470,988,4526,4300,2455,2652,1200,3701,3768,3435,1031,2558,3129,2538,1122,3390,1322
Andhra Pradesh,Robbery,3366,4699,2417,3666,3664,422,3013,3892,3400,2044,4065,4132,2748,4897,125,3607,765,1369,515,2370,1919
Karnataka,Robbery,1032,1320,3441,687,1268,4847,3250,2649,2034,4338,2385,3694,3501,2812,2188,3423,2296,3844,331,927,632
Sikkim,Murder,4821,2343,3465,2773,3295,1814,2469,291,3618,1664,2220,4033,3676,1668,866,1545,2137,3887,4229,420,567
Rajasthan,Theft,795,2398,3415,1330,2479,1562,2792,1397,4834,4679,4665,2641,4436,2614,1864,4844,2054,3474,868,981,4395
Uttar Pradesh,Theft,637,3983,2617,2623,2529,3135,700,3388,1229,990,3652,3398,4198,672,1301,1340,4631,4998,1243,4196,4583
Kerala,Theft,803,4398,695,637,304,3940,2790,1804,1362,1917,1001,3230,3273,3666,297,4561,3630,1321,1789,1422,1175
Uttar Pradesh,Assault,2910,4385,2854,4053,2570,4950,3620,2077,1035,1756,4488,879,1532,1915,956,2397,3554,4461,4150,2037,664
Karnataka,Robbery,4796,1830,4376,166,3556,1792,3878,1186,3003,2849,909,2390,2004,1876,1322,2404,2440,103,4426,958,2897
Lakshadweep,Robbery,4722,1887,428,3218,874,852,3602,4398,349,3894,3517,3428,3788,2566,4648,3461,4473,3144,4524,1345,3159
Maharashtra,Theft,1676,122,3444,2290,392,2460,1835,2168,4011,1998,1558,1574,4004,3813,670,1689,4660,1189,1817,2607,2306
Delhi,Fraud,1519,2081,3413,3075,3576,905,594,2921,4557,3787,4911,447,724,2463,3238,4541,1999,4633,3604,3167,1876
Himachal Pradesh,Assault,4188,1211,4997,2938,1290,4388,1652,2834,1284,510,3071,2453,2077,2705,3290,4097,2246,4496,1469,2303,2614
Karnataka,Robbery,250,2050,4571,3534,1407,4873,1179,1582,226,2289,2735,4356,4663,1130,113,1446,2605,248,4664,1629,2530
Karnataka,Murder,759,4602,4276,1420,153,3316,4662,3635,403,1542,1503,3820,170,3138,2405,523,2455,4133,2703,3380,184
Delhi,Robbery,292,2302,2820,4134,3557,1022,2747,2225,2758,2295,2661,3225,2658,522,2137,3832,4290,995,1146,1039,3889
Meghalaya,Theft,3610,3972,100,548,3759,3354,3249,4008,1850,4103,3197,4576,3016,1077,1030,1256,1370,3256,2333,2132,4066
Tripura,Fraud,2062,1255,1292,4193,1315,3076,2470,315,4283,1032,318,2347,3565,4109,2898,138,1125,4583,3942,3580,2892
Nagaland,Theft,427,4107,751,1542,1251,4781,4968,4650,514,2210,2092,862,4263,294,3503,4919,1214,4028,1403,4863,3459
Uttar Pradesh,Murder,1928,3780,476,2041,951,565,2229,1460,3195,2205,477,3977,1788,4131,3767,2009,148,1490,593,2134,4162
Mizoram,Theft,4085,2235,2552,983,3122,1620,1697,3938,278,4678,2202,4782,4750,2069,4448,3117,573,3832,2247,2263,4704
Lakshadweep,Assault,179,1581,2629,4301,2475,3606,4616,4239,1287,4294,1544,4796,4535,1528,1242,2684,1110,443,580,2506,1518
Himachal Pradesh,Theft,1324,3542,4136,4167,4115,3338,488,2259,934,502,2872,2295,2882,4374,4634,4167,3827,1664,542,2149,4460
Rajasthan,Murder,3176,3849,4003,2895,3562,1788,4413,4794,4254,3053,4737,3109,1354,1802,4018,446,1339,4384,3397,2482,1956
Odisha,Robbery,1530,3443,3929,2515,773,2461,2127,1791,4975,2105,1208,3719,4631,3102,1328,2752,225,3761,3185,3071,3253
Kerala,Fraud,461,3996,4281,3688,862,440,3802,1169,4691,3930,1340,1582,3461,3479,659,549,3896,3625,2830,3052,1649
Gujarat,Murder,235,3369,4326,2286,4812,2858,644,3607,4912,1305,1106,3541,3039,4893,1719,4857,2692,1652,1461,4482,2673
Madhya Pradesh,Murder,1576,626,4455,1264,4868,142,3782,3407,1440,3588,4117,3250,2236,475,2751,2702,140,3716,4921,2858,4842
Andhra Pradesh,Robbery,1871,489,2248,2899,3238,4883,1743,4460,4738,4501,1973,4431,3180,2162,244,1433,2225,2152,3459,453,2318
Tripura,Robbery,3631,3338,2159,3373,4708,2257,190,1552,3314,275,1323,3438,3815,3288,1300,3791,657,1269,3947,4327,1213
Madhya Pradesh,Theft,3424,1878,4406,1963,580,1772,2206,2225,2747,2097,1895,1710,2782,2605,1954,4589,4833,1986,506,727,2349
Himachal Pradesh,Assault,1486,1875,2901,2769,3577,1974,1110,2986,1929,711,170,4880,841,2520,1205,276,560,1212,1036,2688,3858
Karnataka,Theft,2531,2970,314,4351,4266,976,2764,1389,3798,2565,950,2465,3108,4802,1589,4221,1660,2532,4598,1790,388
Assam,Theft,2648,2967,940,608,4338,1007,4601,3784,2341,666,4364,1601,1988,4398,2981,2724,1121,2600,4889,3783,4587
Gujarat,Murder,413,2817,3772,1873,3001,302,3292,2886,2479,617,2178,2829,1298,2110,187,4719,1838,1730,1288,4740,2708
Lakshadweep,Robbery,3505,364,4747,4131,2758,4887,2171,238,2252,1938,3205,374,3411,127,649,4296,3885,2912,2234,1834,1168
Tamil Nadu,Robbery,2223,422,4085,4318,798,294,1413,2810,1910,1420,3609,2158,1999,1390,4429,3051,3707,2319,2569,3220,4729
Mizoram,Theft,1071,3458,2346,2123,4790,4372,3568,259,3935,2567,339,4960,2213,444,4557,1710,1549,3327,2810,1929,1516
Manipur,Robbery,4819,3730,1664,119,700,1284,4726,2650,754,3102,736,3048,4157,4972,1368,2584,2488,486,4632,3988,3420
Haryana,Theft,2491,1598,632,3296,1266,1617,2889,389,4108,760,2177,1573,165,3723,1849,4047,4846,1686,2957,1505,3317
Andhra Pradesh,Robbery,3082,233,4148,3608,2152,2614,2211,3593,4062,833,3617,1992,776,2199,4475,1366,3538,2062,3584,1896,4250
Maharashtra,Robbery,2934,1206,3120,2028,730,2052,1152,4725,1024,2831,4380,4471,696,1790,2844,3700,4232,4903,231,2005,304
Tamil Nadu,Murder,1689,423,876,1051,2065,2292,1967,2654,4897,4713,3569,1628,424,4002,3536,3914,417,3188,3638,2863,781
Jharkhand,Murder,4072,2749,1850,1505,118,4784,2269,1192,4804,2512,1247,1052,2714,447,1086,3380,3630,1054,2757,670,3171
Gujarat,Theft,3608,4651,4712,637,3799,2421,2613,2313,1317,3581,535,4257,1054,3320,2003,2598,2789,4649,4148,217,2438
Mizoram,Assault,4826,4345,4557,2541,4302,1776,2363,1701,1611,2145,2000,3258,1170,2782,1576,2716,2213,2587,1228,3640,3109
Kerala,Fraud,2338,4937,914,503,4838,4256,3605,3904,369,4482,3530,215,1851,4176,4544,4931,4548,1606,4639,956,3191
Mizoram,Assault,827,1010,856,3638,3194,1589,928,4835,3402,3464,3690,757,1329,295,2343,2050,4544,3772,2424,1669,2254
Rajasthan,Robbery,510,225,506,2854,2885,408,1247,3028,4974,3224,4083,2084,3368,2532,4648,711,2106,2779,214,2586,3969
Jharkhand,Murder,4484,4764,3707,3847,366,1988,1718,4263,2593,2767,3374,834,4598,3246,1133,2967,3861,2575,4548,4044,2781
Karnataka,Robbery,3455,3804,3290,4402,1001,421,4961,2689,1674,4518,2133,1507,4997,1168,2641,2053,4168,148,2478,752,1194
Arunachal Pradesh,Fraud,2906,3178,3786,2042,877,250,3822,1383,3958,1975,2513,2060,930,124,4983,4048,167,3554,2946,2738,3409
Tamil Nadu,Theft,2118,4558,4995,2173,616,4656,2449,4960,1913,166,4426,3167,2938,4629,3055,2490,3634,1948,4437,2913,162
Delhi,Robbery,2570,3795,3396,1188,4221,3485,804,1280,2914,186,2767,2577,4465,4550,1822,4386,4464,3501,4953,1769,3785
Goa,Assault,2634,3540,1264,4774,3546,746,2478,580,3858,4737,1398,3017,3181,590,1457,3458,4574,4883,107,1339,4375
Karnataka,Fraud,1213,999,3604,3426,3552,238,4428,350,142,2374,4002,1576,3639,4623,368,1667,2088,3771,1125,3422,3555
Punjab,Murder,4815,2079,2621,3749,2768,244,364,2790,1693,3277,2753,4880,3331,2425,3016,2001,4992,1772,1548,4577,4523
Sikkim,Assault,4943,3198,675,1204,696,955,4813,2230,2224,1851,2818,2878,2181,1379,4097,497,1882,1766,2055,657,4089
Odisha,Theft,2754,1856,2721,2307,4426,3131,2261,3213,2535,4692,1253,1453,3645,2523,2786,275,1087,3810,2866,4398,2646
Telangana,Murder,2618,3853,2448,4090,2599,339,3586,3845,1136,1265,2898,1019,3771,3208,2354,2071,4775,440,2286,384,4494
Uttarakhand,Fraud,3682,4195,321,273,3840,2455,4293,1454,2996,650,599,3210,2863,4909,1540,371,2397,4395,4192,2068,3707
Kerala,Robbery,169,4585,3301,2096,2381,3466,4619,203,3165,704,1279,1713,4288,3212,3795,3899,4711,3996,440,317,4046
Rajasthan,Fraud,1340,1644,416,104,1297,667,2413,4042,3378,2947,950,2708,545,2881,4182,2671,3243,1312,3213,4835,3879
Bihar,Theft,2023,3292,2522,2738,1931,3335,1614,2404,1508,3388,2865,862,1756,180,2464,2179,719,2798,4511,1367,1410
Himachal Pradesh,Fraud,986,4304,1490,1061,2732,4853,3326,2834,3011,2229,179,4717,1066,922,950,3469,3667,1350,2930,1994,3642
Telangana,Robbery,2421,431,4680,4418,2151,3219,2140,1326,270,1287,1061,3899,633,1576,2228,1558,3922,3012,758,2037,4995
Haryana,Assault,4069,1828,1178,684,1505,3455,907,1829,3487,1101,4563,3922,1249,962,1694,3804,3400,1483,3354,3118,4705
Maharashtra,Fraud,1144,4562,3209,877,3026,272,1423,2096,553,1804,4579,4967,780,2939,1160,4472,4706,3258,1668,3005,4179
Assam,Theft,4225,4370,3811,4394,2148,4873,1373,4512,4014,3173,326,358,2308,1086,602,843,2871,3414,4754,2339,2513
Dadra and Nagar Haveli and Daman and Diu,Robbery,3243,2651,1181,3111,4361,680,4402,789,4355,3846,549,306,1264,1410,644,2356,3906,4959,2591,239,3888
Mizoram,Assault,359,4549,1608,4823,4143,332,4012,4985,393,274,2358,1344,3110,999,1723,3724,2845,2905,1800,2030,2921
Punjab,Robbery,4871,2551,1197,834,1471,903,1529,2274,296,2575,3356,3668,3369,3843,1227,4913,299,1501,4478,730,583
Gujarat,Robbery,2392,4288,346,4402,1550,2269,910,3340,4817,4200,520,3409,1654,3148,313,3692,4469,1912,865,2239,1617
Karnataka,Theft,1108,174,117,3312,2242,3306,4597,717,1706,157,4378,223,4454,2418,655,2565,2725,1153,1835,1704,595
Nagaland,Fraud,2899,1724,2933,1783,3157,1875,927,2312,2395,1136,3809,912,4853,4149,2110,2055,1605,2273,802,4108,2781
Odisha,Murder,1022,2541,157,2911,3886,1995,942,3693,280,3013,3909,2114,2218,667,167,2017,814,3085,3566,1447,4564
Puducherry,Fraud,663,4111,4355,464,3620,4900,2772,2707,1552,1474,4643,1460,1428,3916,766,2958,470,2648,2197,3632,4260
Karnataka,Assault,477,1218,2097,3391,845,1891,1255,698,468,4275,2733,901,4825,3117,4540,1850,2640,3191,1628,3399,1002
Himachal Pradesh,Murder,3668,968,2881,2056,1991,2110,3158,801,3733,3976,962,3873,4778,975,2117,2593,1781,1765,4539,253,3238
Dadra and Nagar Haveli and Daman and Diu,Theft,1948,386,176,2421,3668,1775,1226,2627,1757,4506,911,1415,142,3015,392,2820,4501,2997,4398,3740,2358
Tamil Nadu,Robbery,3531,2956,4595,1112,3900,525,1777,2398,691,2575,1446,2372,1300,2033,4738,4567,4427,251,2159,3970,3408
Punjab,Theft,4341,1158,1532,307,890,4404,4471,3288,1347,1742,3042,3308,1388,4249,3168,593,4056,2254,4964,2157,1865
West Bengal,Robbery,347,3085,2436,2250,1279,1946,1023,190,2055,686,3017,4047,2493,4709,4659,615,1082,2824,1447,4702,1230
Chandigarh,Fraud,1120,1144,1482,703,2296,4776,1715,2869,2064,1869,3973,3034,2393,3737,1142,1143,4893,3814,4196,2211,1305
Mizoram,Fraud,4717,431,1576,920,2488,915,999,4593,4471,1917,320,2785,636,242,4644,1345,2478,2885,3926,1135,2929
Goa,Theft,2233,1274,2302,1254,2479,4946,595,2522,2995,3398,2573,3517,4891,4699,4530,3113,4497,1698,3016,3414,3325
Kerala,Fraud,375,2401,2952,4056,763,776,3019,4580,4718,1608,2296,990,526,4629,550,3836,2383,4132,1428,1749,255
Kerala,Theft,4169,739,4303,4710,4742,1010,4255,1919,2935,2602,2734,1914,551,1239,423,1966,1205,4857,1068,1071,2246
Punjab,Robbery,517,1333,4295,1084,2130,2020,1906,4443,3949,2823,305,2026,224,4526,3651,1815,4670,4295,4607,3472,468
Puducherry,Assault,1931,128,3869,4943,1450,2071,4430,1996,2771,2741,3604,1861,376,4221,608,2500,2719,3784,1535,4434,327
Mizoram,Fraud,2061,4123,1098,2774,3239,4450,3488,711,3045,1027,3249,1141,3429,3991,1657,4823,126,3057,1635,1516,2670
Jharkhand,Fraud,572,2862,120,324,2469,300,137,3873,1558,2717,4843,2487,1411,514,1337,3710,4550,162,1060,628,799
Telangana,Robbery,396,3852,949,1332,1965,948,2925,3579,1829,612,4113,844,2973,2627,297,3189,1409,2599,111,2786,4598
Mizoram,Theft,2217,358,4188,836,835,3961,4730,4537,879,3192,1104,2405,2913,245,1345,1487,3024,3061,2779,1124,1180
Telangana,Murder,4566,4175,4448,4518,3104,3475,770,4311,2948,2706,1624,2040,2356,3808,3793,4039,2271,2049,253,4246,2266
Nagaland,Murder,572,2719,1845,1499,3714,671,1485,4513,2973,3146,1100,660,3646,3923,3628,3712,1430,1450,1210,2490,3365
Nagaland,Assault,4842,3447,2691,4941,1851,1388,404,794,2880,1045,420,3820,2671,969,3040,3147,3406,3853,3246,1345,2352
Rajasthan,Fraud,449,4849,4672,3645,2507,576,3859,1720,1584,2968,4229,1072,391,2952,1441,709,368,2006,2742,1858,4142
Maharashtra,Murder,528,1318,3958,2648,2897,607,1996,4326,1265,3030,1815,1993,2570,618,1279,1517,1258,3984,4117,1225,1940
Madhya Pradesh,Murder,2033,756,3569,4904,1318,429,4130,1059,515,1418,4941,712,3311,1328,1165,669,1346,418,1888,353,3942
Mizoram,Assault,3313,4895,3277,162,1061,1329,4948,3584,3495,3430,2276,117,1571,428,769,348,4756,2040,3984,997,3228
Chhattisgarh,Murder,2660,4494,2643,4476,865,502,1887,2804,4574,4504,2840,4654,2620,3665,4518,918,2992,4128,373,3660,4025
Manipur,Fraud,3508,2588,1830,1279,4161,4572,1040,1162,4283,2231,4359,3328,2897,4159,125,1045,269,110,2188,2656,4978
Maharashtra,Murder,230,4928,3144,4491,3268,152,1093,4355,3920,3814,3088,506,140,125,3808,4706,3280,2185,1446,1607,1746
Chhattisgarh,Robbery,2327,2500,1233,1504,3998,923,3687,4253,3630,153,2878,3228,4254,4197,2191,3398,4796,690,897,4800,4869
Uttar Pradesh,Murder,4889,3049,4583,1120,126,770,2812,4879,1007,1162,824,3748,903,2625,1263,3078,2995,987,254,3456,225
Tamil Nadu,Robbery,278,4566,241,1130,2096,3091,4972,461,1015,3481,1874,815,3720,3835,2691,1436,798,1498,1308,2722,3114
Chhattisgarh,Robbery,4935,1738,2041,1599,2885,3237,4281,352,2895,621,1216,1148,4737,1022,4365,3181,2372,276,4373,1191,285
Punjab,Murder,2368,4232,2445,2869,2269,1617,4731,689,1073,4963,2781,957,3703,1296,3070,890,2202,2041,766,1875,4387
Karnataka,Murder,2314,3082,927,3962,2449,2804,1762,3158,3917,1111,2314,248,4732,2876,487,1573,4072,2472,778,3389,3207
Jharkhand,Theft,904,3421,3952,4429,446,935,2027,3035,3667,4667,1165,139,3531,1224,3777,3028,1620,3488,4637,4720,4403
Sikkim,Fraud,1008,234,3467,4689,3025,4387,3862,4136,966,2207,4662,3585,317,3827,2490,2473,382,3092,4167,1030,4949
Goa,Fraud,3575,870,3854,3241,4930,1583,4228,391,560,953,3583,477,2710,4215,1891,4980,2229,1101,1116,4259,4982
Andhra Pradesh,Fraud,2593,1616,2379,1502,4500,3987,4654,912,4174,3931,1612,1031,1599,3107,3305,3534,1048,1173,657,1643,2990
Uttarakhand,Robbery,3389,4254,3898,1326,1172,1468,2096,4399,1582,1554,4622,3095,2958,643,4050,2808,2544,408,3084,4697,4565
Gujarat,Fraud,1035,1861,397,1761,4903,3971,2426,764,2754,1909,3436,3367,2068,3592,3023,3388,4855,601,531,2714,3187
Dadra and Nagar Haveli and Daman and Diu,Murder,3918,2163,2541,2313,1409,657,1123,1308,3632,2802,2369,3094,967,3081,1094,1428,2356,1307,4440,2001,872
Rajasthan,Robbery,1894,2300,3381,4215,2320,4906,3598,4067,831,610,2846,4649,2125,3097,996,2787,4665,4875,607,1894,1549
Gujarat,Robbery,610,274,795,3711,2489,4993,2163,1075,2006,3190,787,3351,898,2307,4495,981,2079,4973,833,1018,527
Nagaland,Murder,2632,4357,205,2150,1462,1054,1268,4048,1893,733,866,1001,4397,3768,4190,4824,3552,3574,3578,4197,949
Karnataka,Assault,1554,3366,4692,3210,2244,4342,4543,4709,4779,2846,3744,315,4084,1298,2377,2278,1018,2211,3996,288,3971
Odisha,Murder,1295,4075,3782,2740,2424,1432,4562,3554,651,2114,1671,1784,808,4563,2182,2838,256,4206,346,157,3098
Goa,Theft,2354,4523,3056,531,1580,847,2779,1858,1381,3578,3580,1354,1313,4653,1077,4905,1858,4419,753,676,4060
Maharashtra,Theft,4098,3533,3957,3170,2470,2989,548,325,4650,3260,769,4697,1455,4284,1879,752,4699,3251,2058,4467,1521
Tripura,Theft,3191,4662,1724,2507,2028,4195,2261,4379,2344,3010,2665,2230,2492,3016,4864,4026,4142,4658,4873,609,3571
Telangana,Murder,2644,2058,3407,2509,1653,4053,2160,1814,1527,4435,545,697,3621,1499,4709,4459,3560,3783,2665,4545,4477
Meghalaya,Assault,3068,4190,4167,3248,1765,3738,906,468,4330,3884,683,1936,1898,4176,4361,509,2862,3026,2453,2054,730
Kerala,Fraud,395,2531,2824,989,1018,1288,4458,3720,3178,677,2622,1145,4620,1937,942,1799,1723,4675,4574,3291,2009
Punjab,Assault,1884,1239,2526,301,4815,1514,4700,4575,176,1309,1263,4813,4481,1680,1436,4948,1419,1896,3291,1128,1220
Puducherry,Murder,1471,2666,3333,2389,4636,4837,3595,1057,155,1701,2084,4287,4706,3771,626,3293,1385,1361,4091,2680,2743
West Bengal,Murder,4639,4155,2937,1339,3946,2594,3477,3706,2964,675,4323,2803,3289,877,2551,2176,2591,4205,2408,1697,4578
Himachal Pradesh,Assault,2614,882,1955,412,4638,2495,4928,2293,4029,920,3848,3103,391,1385,2502,1757,4857,1566,3834,1588,1800
Chandigarh,Assault,806,2245,2345,440,997,4222,1586,3449,4725,742,2866,788,4005,4012,1881,4001,4091,1921,4893,4493,917
Gujarat,Fraud,1429,4807,1272,3708,2188,734,1995,254,1079,1162,1898,3022,3261,1971,4481,1176,1041,3974,2061,2282,370
Bihar,Theft,279,1076,990,2992,3104,3259,2300,695,1215,2321,871,269,2821,3674,1336,1645,3590,2865,4196,2770,1223
Kerala,Theft,3104,1968,481,4972,545,4651,2631,1389,4488,4807,4613,3450,4278,3042,1760,4207,3664,973,3300,140,3573
Nagaland,Fraud,773,3529,1285,2167,4105,4438,3487,3244,897,1062,4993,4499,2317,2241,1866,4855,506,113,2424,1899,361
Madhya Pradesh,Fraud,2365,4319,2131,3894,2742,2614,2494,2834,2080,1183,4950,2971,130,726,871,3411,2252,2695,721,4628,3850
Arunachal Pradesh,Robbery,3796,4959,100,431,3292,281,2920,538,4087,3492,1680,2566,3845,2283,1916,4655,3170,1439,1360,2357,3508
Himachal Pradesh,Robbery,3885,2160,3278,2776,2955,4589,2796,359,2580,3881,992,2513,4782,915,2513,3903,2806,2158,965,1956,2541
Sikkim,Fraud,1058,3156,1157,2556,1633,2709,2305,2091,3835,2682,1680,1652,1286,3617,738,2045,2138,3771,1118,554,1122
Manipur,Theft,1292,2048,4243,2700,2543,495,777,3725,372,814,1482,2489,488,3902,4300,929,1145,2656,1031,2479,1566
Bihar,Theft,4530,2766,3939,1749,4524,2262,2487,3872,729,3008,1868,1365,3751,4681,4946,3229,4105,3138,235,2621,3923
Uttarakhand,Theft,851,2622,4856,2979,2525,163,1133,1204,1077,4177,2404,4711,4246,273,200,3095,2437,770,3408,4351,2537
Manipur,Theft,1083,4093,2213,710,4387,4998,3428,2535,659,2671,1773,3853,4431,2056,3304,797,2812,2053,2801,4101,2601
Tamil Nadu,Murder,3359,4215,1033,3641,1793,452,3058,2629,4471,3687,4403,796,3228,4191,568,3743,3674,1149,3634,4211,1229
Rajasthan,Fraud,3533,1702,3440,2356,1150,3862,4535,2866,4193,4586,1830,582,4261,2241,2696,4969,1489,402,2976,3445,1984
Assam,Murder,2765,3629,2353,4396,4549,2534,627,3280,4241,1080,4003,461,745,1460,1558,1829,332,2610,1027,2829,1559
Tripura,Theft,1333,4460,4238,1841,1765,3761,3876,830,3590,3918,4278,109,4516,2436,2057,3899,4912,980,996,454,3932
Punjab,Theft,4472,2142,4367,2789,4116,1888,1555,1737,800,179,4902,201,3011,2645,3807,1112,3987,1806,2882,1887,123
Jharkhand,Fraud,1817,1947,2094,3708,3241,1826,2996,2895,317,1839,1224,1790,2090,253,696,4890,3103,1167,610,4343,1655
Jharkhand,Fraud,1332,3771,3038,1581,4302,1385,4508,4022,2338,2435,3918,4059,3519,2360,3843,658,1081,4568,4527,1587,4830
West Bengal,Robbery,2825,2594,3209,1054,3672,4117,4842,2523,1745,1485,2010,311,4414,2113,2352,2182,1827,4963,2467,3084,899
Tamil Nadu,Theft,188,2686,816,3679,923,1587,2621,1333,1130,2338,4419,3821,1766,3767,4299,3901,2832,1647,3793,3042,2527
Tripura,Assault,3701,927,3558,4223,3315,3286,4524,149,4705,4179,850,2548,3320,4596,3762,4243,1564,703,3891,2101,2856
Andhra Pradesh,Fraud,755,174,3249,2748,3061,1527,1358,3906,2569,2038,2000,3027,4256,234,1404,404,1357,3369,496,668,2769
Arunachal Pradesh,Murder,1207,2870,4543,284,4718,1254,4196,2650,2109,2757,4539,3338,3989,1346,2469,465,4766,960,4369,4656,3496
Uttar Pradesh,Assault,721,2704,2585,3579,2480,3571,3715,1169,4139,4104,858,2982,434,1619,2385,924,3814,3327,1230,1068,817
Uttar Pradesh,Theft,1585,869,4700,1059,2058,1835,2870,1054,1089,2936,4284,3863,2074,2603,3933,1820,2341,4496,2204,2109,3767
Goa,Theft,999,4977,4702,2097,4552,2115,2418,3369,1472,2338,2793,2681,1134,4882,1063,1936,1961,1987,2600,617,205
Telangana,Robbery,4238,3374,406,414,1692,744,2235,1193,4825,2785,3859,2783,4529,4907,3393,2054,822,106,1133,954,2506
Tamil Nadu,Murder,2890,609,1952,689,1384,2500,2583,4409,1720,772,3494,4957,2862,4197,3054,1824,2703,3695,4727,3609,1979
Tripura,Robbery,560,215,4757,1417,3114,2821,1110,4346,329,223,4848,2717,2535,1963,4194,2111,1142,1666,2131,4642,2007
Goa,Theft,4488,1323,3553,4719,2369,2315,1677,3227,120,1092,2403,2258,3439,3686,1573,2241,2028,3816,2724,1832,3817
Gujarat,Robbery,4060,4591,4839,4338,143,3369,1340,2332,2248,782,2662,3075,1360,2077,541,261,3263,2358,784,121,4562
Nagaland,Theft,2161,2549,3833,3643,4840,573,2590,2933,3417,3997,2610,4642,1057,1880,1095,3724,3365,1022,3435,2469,4033
Jharkhand,Robbery,2164,3714,3272,1671,980,4847,1859,501,4601,4273,2692,4429,4868,475,3085,3996,1652,4993,259,4389,3101
Nagaland,Fraud,4599,3407,1539,456,2761,896,2357,3476,1648,391,112,2565,3310,4381,3748,1562,4495,3297,1098,4791,4969
Andhra Pradesh,Assault,2228,3717,3090,679,4368,1112,4194,3192,1060,2295,174,159,3287,1054,898,3026,237,2213,4138,4426,3433
Goa,Theft,4357,2916,1949,3683,1958,1724,3389,2026,1623,3062,3845,4644,221,4151,1389,551,2396,1086,1046,4578,2341
Maharashtra,Assault,1642,304,4530,2466,3194,3765,4523,2146,1726,1034,1085,3472,1554,3212,1613,3481,2886,3673,3952,4037,4231
Kerala,Robbery,1890,4909,200,976,4243,3608,3091,1275,1879,1470,2466,1365,3654,1700,2610,1431,4344,1691,3279,2394,2247
Himachal Pradesh,Robbery,1458,2659,454,3748,4535,4069,3726,2949,4374,831,4010,1414,4770,507,1049,2383,3844,4230,813,713,288
Tripura,Robbery,3752,4700,1170,126,4536,397,3758,826,1605,2750,3210,3219,4737,1992,3714,4717,910,3275,3119,1890,2314
Madhya Pradesh,Murder,2814,1192,2784,4059,3542,1174,216,1328,3241,702,1453,244,1075,905,700,2576,768,3628,2403,4436,2982
Tripura,Theft,4674,1883,4421,3961,1228,2131,1530,263,3994,3165,2566,1443,2925,1435,1093,3257,2067,1922,2829,1944,1031
Rajasthan,Murder,243,4714,3955,2305,3639,1998,4654,962,2650,4431,696,3374,1319,2735,1680,4966,2848,2041,4679,3977,2782
Mizoram,Robbery,2919,220,1525,4272,894,233,1897,2075,4956,3710,4446,4525,1060,576,2008,4203,4867,3986,2498,1212,1850
Bihar,Murder,3304,4872,1757,1462,4531,4296,2806,2660,998,3849,2992,1538,3625,4254,1788,1589,3449,3611,126,1946,864
West Bengal,Assault,2611,421,1064,3484,3342,4923,3563,1962,3989,734,3816,4944,901,3677,103,999,2221,4092,3750,1197,1922
Arunachal Pradesh,Theft,656,1958,1852,695,3766,887,3472,3824,374,1417,3720,3787,1472,1728,4769,3927,456,3815,3601,1194,3662
Manipur,Fraud,3022,990,4721,1025,4134,1089,4610,2498,4153,3719,3962,4346,574,4523,3592,2966,4332,4235,2104,2343,2270
Sikkim,Fraud,2094,3432,3337,3062,3487,1249,511,1053,2913,2626,3809,2648,3517,3178,4926,1745,832,2892,4023,2245,1494
Delhi,Assault,2527,4030,3570,4272,4638,1321,4820,4634,1329,4896,199,2183,3063,1488,3907,1177,3970,4137,3787,2546,4585
Gujarat,Murder,3781,1376,1434,2646,2159,552,618,137,323,2782,1830,410,1392,2092,3081,4406,1789,4112,2495,4370,655
Meghalaya,Fraud,492,4969,169,2238,4273,236,1268,4745,410,681,3627,3683,3772,4531,1573,3919,2025,3813,2828,2948,4442
Haryana,Murder,3168,518,4111,1496,1425,4713,1365,834,2682,1014,2347,1286,1198,2437,309,3721,2648,4768,2193,3783,897
Kerala,Theft,2360,492,924,4616,3261,3586,3504,4216,2128,4584,4001,2219,2094,4487,2857,2653,436,4167,258,1497,2880
Delhi,Murder,2516,1598,2706,4940,2640,845,1879,4082,596,3631,3538,3762,2049,3054,1000,396,3664,1620,606,4043,4475
Uttar Pradesh,Robbery,1796,3592,3938,2211,2744,4155,1186,4889,132,2742,605,3227,3868,509,4821,4991,4157,3471,1599,2562,4054
Dadra and Nagar Haveli and Daman and Diu,Murder,4462,3060,3362,1017,3344,1562,3611,3594,4615,2188,3290,2388,2386,4999,498,1859,2079,4390,464,4743,1712
Sikkim,Fraud,3492,1959,3120,1544,4485,1427,1765,1713,878,3157,4524,980,1142,3090,2345,399,1207,1411,3196,3131,2098
Madhya Pradesh,Robbery,825,854,144,2856,3764,3900,4134,4356,1150,3442,1609,2947,4214,1060,3587,3205,1581,962,849,4464,2704
Haryana,Fraud,4208,1983,4119,4486,3938,4897,4350,4332,3456,2654,4747,2314,4897,4570,2883,1728,3782,1825,2405,1025,3586
Puducherry,Robbery,4448,4125,1948,2346,3452,1287,1891,4656,1282,783,374,2312,287,4608,237,1450,961,1517,915,2148,1191
Uttarakhand,Robbery,3701,714,4902,4354,2318,3635,3901,2669,557,2800,2397,4532,580,3075,3807,2997,3619,4542,1452,4151,133
West Bengal,Murder,4417,1979,4047,3910,4555,3942,3719,946,3983,950,896,4226,2980,4009,3937,4975,4224,1160,1179,3167,3382
Puducherry,Assault,616,1791,263,3614,4582,4601,4684,272,1327,463,3133,4739,4866,3660,3703,4340,1820,4223,161,1951,2086
Haryana,Assault,1539,270,1737,499,3090,632,4660,4212,1730,3729,782,4365,4716,1892,650,4383,2179,2029,2191,665,309
Punjab,Assault,1348,2208,2456,2403,4809,3500,261,526,3934,3632,4289,152,706,1079,3317,2803,1616,1030,1109,4837,2985
Chandigarh,Murder,2665,4634,3737,907,644,1401,3614,1726,3180,4475,4759,3804,3138,1213,4146,317,2133,217,2542,2587,3508
Kerala,Fraud,943,3123,406,1165,4091,2119,110,173,2718,1039,2255,3694,4628,1408,1016,4742,2097,4426,3862,2919,414
Kerala,Theft,3257,3259,1625,4306,3256,1712,2732,890,4478,4691,3677,682,4885,1225,4933,2522,2727,2898,3495,3439,4809
Delhi,Assault,554,3888,396,1134,3469,4141,3695,1076,3176,3088,1135,3193,719,4005,857,3211,4451,4673,2791,443,4210
Lakshadweep,Robbery,3680,2743,4256,1173,2890,901,3677,4396,3783,682,728,3832,1971,2691,1626,4980,2266,4141,3062,848,1793
Chhattisgarh,Theft,4240,1803,2662,3319,2279,3238,3917,4265,4276,144,2842,1325,2548,1503,3125,4782,2502,1803,435,3462,1695
Kerala,Robbery,103,342,1581,3682,3015,888,787,535,137,521,847,3185,2664,3090,1395,622,3005,535,768,3219,195
West Bengal,Murder,1322,1319,4137,4022,4356,4458,2731,423,798,1631,2931,3680,596,4744,4994,626,4315,3766,4947,4119,3796
Telangana,Assault,3102,3996,3862,2638,2179,538,3075,2713,2299,388,2338,775,3833,2359,119,3662,1200,725,976,926,4648
Punjab,Murder,4687,2460,3052,779,2164,4973,2507,2365,568,4987,3405,4855,1364,3531,2209,880,3971,3437,1387,838,4792
Madhya Pradesh,Theft,4036,1978,4571,611,356,4998,1676,4539,4317,2571,540,3150,4862,2115,2634,3269,4363,3405,4045,3942,3819
Dadra and Nagar Haveli and Daman and Diu,Assault,4644,2545,1335,4138,1751,4915,184,4561,2616,4250,1310,1106,2844,2622,112,829,3156,2191,3823,2163,1723
Arunachal Pradesh,Theft,4307,1035,2837,4150,3978,3101,2889,583,1352,1456,2995,4895,2496,2890,2953,3665,463,1716,4622,3580,992
Lakshadweep,Assault,1346,1749,1738,3802,4738,1252,2166,3968,2470,4867,770,4774,1641,952,4313,1341,3381,1895,1786,3746,1604
Jharkhand,Theft,2787,751,982,3560,522,418,2264,1746,4203,4371,3728,4177,4651,3612,505,1664,2344,784,3670,621,1818
Jharkhand,Theft,3886,4886,3929,4464,4007,1856,248,1421,4987,2497,550,4232,3276,530,1306,705,1287,1833,3552,3462,4063
Lakshadweep,Assault,164,1001,3013,1687,3608,527,3071,3562,4264,2551,1363,3865,181,4463,3749,3927,255,4523,1807,1399,2625
Mizoram,Murder,4312,1005,960,4202,3947,419,4919,589,115,1237,3469,4771,2818,2391,3116,1911,1422,2750,3397,2233,2809
Rajasthan,Theft,356,1713,2560,4575,2963,3153,4630,3101,4861,1435,1642,2975,964,4949,454,4866,3626,2772,3698,3014,2657
West Bengal,Assault,4182,4007,2379,4028,1170,1482,1608,3751,1338,3647,2736,1865,3115,1041,3866,1766,4641,426,2785,3986,305
Andhra Pradesh,Theft,1193,2685,1431,3494,1694,115,3436,2789,1703,2530,3044,3589,1978,4876,1486,3187,3835,1585,4618,3921,1155
Gujarat,Murder,210,1318,540,3910,1062,1071,179,3804,4440,4418,319,1456,4528,3973,1630,3935,204,2245,3995,4933,4835
Tamil Nadu,Murder,4824,4864,726,1030,315,1306,3471,3128,3094,1072,2719,3423,1980,4891,3241,513,4677,2665,1435,4997,864
Uttar Pradesh,Fraud,1109,4658,1575,3035,3428,1366,1957,3444,197,1005,3237,3443,2260,1705,3421,281,3676,933,3289,1403,3067
Gujarat,Murder,2412,530,1583,2611,3645,146,3250,4569,2584,4105,2717,4937,3897,3937,4183,2009,3229,1005,375,427,1713
Uttar Pradesh,Robbery,4980,1683,3242,1546,1929,1944,4721,3271,1784,4332,670,3193,3927,4536,4277,3656,4865,1415,4871,724,3186
Gujarat,Assault,298,3057,3416,1592,1090,2238,854,4084,2553,2374,2739,4116,4152,4978,1055,3032,3459,4440,4388,102,763
Telangana,Fraud,3211,1686,2751,4118,2420,4249,4026,4534,842,1434,4076,326,2755,1534,2382,1852,2878,3534,1080,3345,4989
Chhattisgarh,Theft,384,3658,1800,4997,668,1271,4872,4740,2089,2508,4847,3660,1160,2737,364,943,1819,1072,1578,1349,4975
Mizoram,Fraud,4796,2283,4933,3529,3044,3222,1186,3598,4240,3912,4422,4236,4619,4129,1000,249,4648,2142,290,1727,1772
Jharkhand,Theft,591,4708,4062,1081,3331,3020,3044,1439,420,4844,2047,2884,695,2297,2930,3539,4038,1623,3768,2643,826
Assam,Assault,2699,3177,564,1506,2041,366,245,284,2972,2408,270,703,3109,3605,1581,3227,3915,669,1519,1573,1239
Lakshadweep,Robbery,1590,545,2779,921,1232,3748,1603,3233,4244,4666,3873,2619,2053,4876,1279,2724,3066,2546,3307,267,786
Odisha,Assault,2996,887,1438,2434,3279,3155,4967,1836,3735,3755,864,2122,4612,4742,553,2304,2963,2715,1975,4099,1552
Gujarat,Robbery,4837,1260,308,2020,3034,3550,1932,2420,1711,2300,1120,2357,4666,2309,608,4881,4676,4064,4252,144,2899
Andhra Pradesh,Fraud,945,4054,783,2191,501,1190,703,2837,4194,943,2998,2376,3985,2368,3049,3943,2493,205,971,1867,1054
Madhya Pradesh,Murder,4480,2317,341,1962,4782,3806,2930,4982,795,4577,2734,1268,4350,3395,3541,602,1861,1614,1976,3740,854
Arunachal Pradesh,Fraud,4520,2351,2857,2355,4856,4544,4987,2910,356,269,3420,1684,3781,4102,3506,541,4138,2140,2307,2599,1474
Rajasthan,Assault,1363,3838,990,3253,4404,2805,4506,2972,3606,4308,2343,1205,4984,2524,3481,3311,2439,3537,657,1853,4914
Madhya Pradesh,Fraud,952,3762,1608,534,647,806,1269,439,739,3734,2544,3129,4307,3762,1449,4749,3903,394,3980,2280,3805
Telangana,Theft,1448,4202,1558,490,2255,4767,244,2100,3212,1540,4243,1917,4102,784,2938,3671,2296,3718,3994,2369,3161
Karnataka,Murder,4207,4250,2865,2205,1167,2121,899,3214,4662,759,184,430,392,3993,4543,1435,4060,709,1478,2184,2367
Nagaland,Murder,3581,4655,3516,2715,3422,356,1981,3626,1393,709,2103,2137,3458,1270,1972,639,867,2775,2825,4262,2478
Assam,Fraud,4772,1344,3812,2212,1553,3833,4149,3118,2739,372,1170,3028,4109,2739,3584,1054,1613,3370,3457,4635,3139
Odisha,Theft,1632,4174,861,1773,4371,3968,1375,1839,342,466,3253,3910,1127,4393,994,4340,284,3955,1683,1728,4628
Chhattisgarh,Assault,2659,254,4903,120,415,1364,3068,1301,3929,3555,4666,383,1054,3540,1504,290,4499,360,740,3762,3308
